特征,系数,标准误,Z值,P值,OR值,OR_95%_CI_下限,OR_95%_CI_上限,显著性
截距,-164.71536930622943,428571180074971.3,-3.843360845622313e-13,0.9999999999996934,2.9175884137360193e-72,0.0,inf,
3、你之前是通过何种方式治疗胆囊结石的？,-388.15169130474914,354562315822282.75,-1.094734758837999e-12,0.9999999999991265,2.678319140141294e-169,0.0,inf,
64、出现腹痛是否出现在进食油腻或饮酒之后？,-80.5090077910229,,,,1.0848811738094967e-35,,,
51、使用泻药或灌肠。,3.067087695327634,3301474107998.866,9.290055275298519e-13,0.9999999999992588,21.479257356594385,0.0,inf,
49、你觉得自己口味如何？,-5.017073308080226,,,,0.006623884437504806,,,
30、我有晕倒发作，或觉得要晕倒似的。,10.481038904757817,,,,35633.40803558739,,,
41、胆囊炎。,-3.277083648037846,3426399793457.165,-9.56421855469276e-13,0.9999999999992368,0.037738154219624696,0.0,inf,
