方法,AUC,准确率
Logistic回归,0.6383442265795207,0.6065573770491803
随机森林,0.6154684095860566,0.5409836065573771
