特征,系数,OR值,OR_95%CI_lower,OR_95%CI_upper,P值,显著性
64、出现腹痛是否出现在进食油腻或饮酒之后？,0.8816863762250828,2.414968820427399,1.1979439249488095,4.868403505519441,0.013706119118466547,显著
58、你是否饮酒？（指每周至少一次，连续六个月或以上喝酒）,-0.7084443177323131,0.4924096348552844,0.2654200403799649,0.9135227624530834,0.024651886649960406,显著
5、您的身高是多少厘米？,-0.028612238630341236,0.9717932152853616,0.9413494721735669,1.0032215252578747,0.07808528278520502,不显著
19、是否经常吃汉中菜豆腐？_freq,2.782232954469578,16.15505420323573,0.23751936709843885,1098.7978769803647,0.19626085310303898,不显著
7、年龄,0.1297946526302873,1.1385945519207055,0.8709460102379284,1.4884935902161802,0.342451018638362,不显著
42、高胆固醇血症,-0.11957092787022483,0.8873010712118679,0.6493033713954667,1.2125351964239393,0.45298187626108566,不显著
汉中传统饮食指数,-0.12898999765008282,0.8789827573947242,0.6210228852355212,1.2440937462461181,0.4667713427858743,不显著
