排名,特征,检验方法,卡方值,P值,自由度,Cramer's V,效应量,显著性
1,3、你之前是通过何种方式治疗胆囊结石的？,卡方检验（期望频数较低）,200.0,7.438442064964615e-37,11,inf,大,显著
2,64、出现腹痛是否出现在进食油腻或饮酒之后？,卡方检验,7.634071580291656,0.005727585995238165,1,inf,大,显著
3,51、使用泻药或灌肠。,卡方检验,9.87631896722806,0.019647262705725702,3,inf,大,显著
4,49、你觉得自己口味如何？,卡方检验,7.37192763735564,0.02507299725087657,2,inf,大,显著
5,30、我有晕倒发作，或觉得要晕倒似的。,卡方检验,8.64658764202143,0.03437813378683951,3,inf,大,显著
6,41、胆囊炎。,卡方检验（期望频数较低）,7.971287971287972,0.04660883872118591,3,inf,大,显著
