方法,AUC,准确率,敏感性,特异性
卡方检验,,,,
Logistic回归,0.48092031425364756,0.4666666666666667,0.8518518518518519,0.15151515151515152
随机森林,0.4562289562289562,0.45,0.37037037037037035,0.5151515151515151
